Num_vuelo,tipo,dia,hora,origen,destino,region
AEA4125,73H,13/11/2017,15:30,TFN,ALC,ALC
IBK5251,73H,12/11/2017,18:50,TFN,ALC,ALC
IBK5251,73H,14/11/2017,19:50,TFN,ALC,ALC
IBE3612,320,11/11/2017,9:20,TFN,OVD,OVD
IBE3612,320,14/11/2017,10:30,TFN,OVD,OVD
IBE8682,CRK,14/11/2017,14:35,TFN,BJZ,BJZ
VLG3215,321,13/11/2017,7:00,TFN,BCN,BCN
VLG3215,321,10/11/2017,7:00,TFN,BCN,BCN
VLG3215,321,14/11/2017,7:00,TFN,BCN,BCN
VLG3215,321,12/11/2017,7:00,TFN,BCN,BCN
VLG3215,321,15/11/2017,7:00,TFN,BCN,BCN
VLG3215,321,11/11/2017,7:00,TFN,BCN,BCN
RYR3064,73H,11/11/2017,9:30,TFN,BCN,BCN
RYR3064,73H,12/11/2017,9:30,TFN,BCN,BCN
RYR3064,73H,15/11/2017,9:30,TFN,BCN,BCN
RYR3064,73H,13/11/2017,9:30,TFN,BCN,BCN
RYR3064,73H,14/11/2017,9:30,TFN,BCN,BCN
RYR3064,73H,10/11/2017,10:50,TFN,BCN,BCN
IBK5757,73H,13/11/2017,11:10,TFN,BCN,BCN
IBK5757,73H,10/11/2017,11:10,TFN,BCN,BCN
IBK5757,73H,11/11/2017,11:10,TFN,BCN,BCN
IBK5757,73H,14/11/2017,11:10,TFN,BCN,BCN
IBK5757,73H,15/11/2017,11:10,TFN,BCN,BCN
IBK5757,73H,12/11/2017,11:30,TFN,BCN,BCN
VLG3217,321,10/11/2017,15:20,TFN,BCN,BCN
VLG3217,321,11/11/2017,15:20,TFN,BCN,BCN
VLG3217,321,12/11/2017,15:20,TFN,BCN,BCN
VLG3217,321,13/11/2017,15:20,TFN,BCN,BCN
VLG3217,321,14/11/2017,15:20,TFN,BCN,BCN
VLG3217,321,15/11/2017,15:20,TFN,BCN,BCN
VLG3213,320,10/11/2017,19:55,TFN,BCN,BCN
VLG3213,320,12/11/2017,19:55,TFN,BCN,BCN
AEA7007,73H,12/11/2017,7:35,TFN,BIO,BIO
AEA7007,73H,13/11/2017,7:35,TFN,BIO,BIO
AEA7007,73H,15/11/2017,7:35,TFN,BIO,BIO
VLG3261,320,10/11/2017,9:50,TFN,BIO,BIO
VLG3261,320,11/11/2017,9:50,TFN,BIO,BIO
VLG3261,320,12/11/2017,9:50,TFN,BIO,BIO
VLG3261,320,13/11/2017,9:50,TFN,BIO,BIO
RAM994,AT7,12/11/2017,16:40,TFN,CMN,MARRUECOS
RAM978,AT7,11/11/2017,17:00,TFN,CMN,MARRUECOS
IBB6650,CRK,15/11/2017,11:35,TFN,DKR,SENEGAL
IBB655,AT7,10/11/2017,7:55,TFN,VDE,CANARIAS
IBB655,AT7,11/11/2017,7:55,TFN,VDE,CANARIAS
IBB655,AT7,12/11/2017,7:55,TFN,VDE,CANARIAS
IBB655,AT7,13/11/2017,7:55,TFN,VDE,CANARIAS
IBB655,AT7,14/11/2017,7:55,TFN,VDE,CANARIAS
IBB655,AT7,15/11/2017,8:00,TFN,VDE,CANARIAS
IBB6591,AT7,12/11/2017,9:55,TFN,VDE,CANARIAS
IBB659,AT7,10/11/2017,10:10,TFN,VDE,CANARIAS
IBB659,AT7,11/11/2017,10:10,TFN,VDE,CANARIAS
IBB659,AT7,13/11/2017,10:30,TFN,VDE,CANARIAS
IBB659,AT7,14/11/2017,10:30,TFN,VDE,CANARIAS
IBB659,AT7,15/11/2017,11:30,TFN,VDE,CANARIAS
IBB663,AT7,13/11/2017,14:00,TFN,VDE,CANARIAS
IBB663,AT7,14/11/2017,14:00,TFN,VDE,CANARIAS
IBB663,AT7,15/11/2017,14:00,TFN,VDE,CANARIAS
IBB663,AT7,10/11/2017,14:10,TFN,VDE,CANARIAS
IBB663,AT7,12/11/2017,15:10,TFN,VDE,CANARIAS
CNF247,AT7,10/11/2017,16:10,TFN,VDE,CANARIAS
CNF247,AT7,11/11/2017,16:10,TFN,VDE,CANARIAS
CNF247,AT7,12/11/2017,16:10,TFN,VDE,CANARIAS
CNF247,AT7,13/11/2017,16:10,TFN,VDE,CANARIAS
CNF247,AT7,14/11/2017,16:10,TFN,VDE,CANARIAS
CNF247,AT7,15/11/2017,16:10,TFN,VDE,CANARIAS
IBB673,AT7,10/11/2017,16:30,TFN,VDE,CANARIAS
IBB673,AT7,12/11/2017,16:30,TFN,VDE,CANARIAS
IBB673,AT7,11/11/2017,16:50,TFN,VDE,CANARIAS
IBB673,AT7,13/11/2017,16:55,TFN,VDE,CANARIAS
IBB673,AT7,14/11/2017,16:55,TFN,VDE,CANARIAS
IBB673,AT7,15/11/2017,16:55,TFN,VDE,CANARIAS
IBB414,AT7,12/11/2017,7:00,TFN,FUE,CANARIAS
IBB414,AT7,11/11/2017,7:05,TFN,FUE,CANARIAS
IBB414,AT7,10/11/2017,7:10,TFN,FUE,CANARIAS
IBB414,AT7,13/11/2017,7:10,TFN,FUE,CANARIAS
IBB414,AT7,14/11/2017,7:10,TFN,FUE,CANARIAS
IBB414,AT7,15/11/2017,7:10,TFN,FUE,CANARIAS
CNF334,AT7,10/11/2017,11:40,TFN,FUE,CANARIAS
CNF334,AT7,11/11/2017,11:40,TFN,FUE,CANARIAS
CNF334,AT7,12/11/2017,11:40,TFN,FUE,CANARIAS
CNF334,AT7,13/11/2017,11:40,TFN,FUE,CANARIAS
CNF334,AT7,14/11/2017,11:40,TFN,FUE,CANARIAS
CNF334,AT7,15/11/2017,11:40,TFN,FUE,CANARIAS
IBB416,AT7,10/11/2017,11:50,TFN,FUE,CANARIAS
IBB416,AT7,12/11/2017,13:25,TFN,FUE,CANARIAS
IBB420,AT7,13/11/2017,14:20,TFN,FUE,CANARIAS
IBB420,AT7,14/11/2017,14:20,TFN,FUE,CANARIAS
IBB420,AT7,15/11/2017,14:20,TFN,FUE,CANARIAS
IBB420,AT7,10/11/2017,15:15,TFN,FUE,CANARIAS
IBB424,AT7,13/11/2017,15:30,TFN,FUE,CANARIAS
IBB424,AT7,14/11/2017,15:30,TFN,FUE,CANARIAS
IBB424,AT7,15/11/2017,15:30,TFN,FUE,CANARIAS
IBB418,AT7,10/11/2017,17:30,TFN,FUE,CANARIAS
IBB420,AT7,12/11/2017,17:30,TFN,FUE,CANARIAS
IBB428,AT7,10/11/2017,19:10,TFN,FUE,CANARIAS
IBB428,AT7,11/11/2017,19:10,TFN,FUE,CANARIAS
IBB428,AT7,12/11/2017,19:10,TFN,FUE,CANARIAS
IBB428,AT7,13/11/2017,19:10,TFN,FUE,CANARIAS
IBB428,AT7,14/11/2017,19:10,TFN,FUE,CANARIAS
IBB428,AT7,15/11/2017,19:10,TFN,FUE,CANARIAS
CNF374,AT7,10/11/2017,19:30,TFN,FUE,CANARIAS
CNF374,AT7,11/11/2017,19:30,TFN,FUE,CANARIAS
CNF374,AT7,12/11/2017,19:30,TFN,FUE,CANARIAS
CNF374,AT7,13/11/2017,19:30,TFN,FUE,CANARIAS
CNF374,AT7,14/11/2017,19:30,TFN,FUE,CANARIAS
CNF374,AT7,15/11/2017,19:30,TFN,FUE,CANARIAS
IBB424,AT7,12/11/2017,20:00,TFN,FUE,CANARIAS
IBB424,AT7,10/11/2017,20:30,TFN,FUE,CANARIAS
IBB106,CRK,10/11/2017,7:00,TFN,LPA,CANARIAS
IBB106,CRK,13/11/2017,7:00,TFN,LPA,CANARIAS
IBB106,CRK,14/11/2017,7:00,TFN,LPA,CANARIAS
IBB106,CRK,15/11/2017,7:00,TFN,LPA,CANARIAS
IBB100,AT7,13/11/2017,7:30,TFN,LPA,CANARIAS
IBB100,AT7,14/11/2017,7:30,TFN,LPA,CANARIAS
CNF612,AT7,10/11/2017,7:30,TFN,LPA,CANARIAS
CNF612,AT7,11/11/2017,7:30,TFN,LPA,CANARIAS
CNF612,AT7,12/11/2017,7:30,TFN,LPA,CANARIAS
CNF612,AT7,13/11/2017,7:30,TFN,LPA,CANARIAS
CNF612,AT7,14/11/2017,7:30,TFN,LPA,CANARIAS
CNF612,AT7,15/11/2017,7:30,TFN,LPA,CANARIAS
IBB100,AT7,15/11/2017,7:30,TFN,LPA,CANARIAS
IBB102,CRK,10/11/2017,8:00,TFN,LPA,CANARIAS
IBB102,CRK,13/11/2017,8:00,TFN,LPA,CANARIAS
IBB102,CRK,14/11/2017,8:00,TFN,LPA,CANARIAS
AEA9404,AT7,10/11/2017,8:00,TFN,LPA,CANARIAS
AEA9404,AT7,11/11/2017,8:00,TFN,LPA,CANARIAS
AEA9404,AT7,12/11/2017,8:00,TFN,LPA,CANARIAS
AEA9404,AT7,13/11/2017,8:00,TFN,LPA,CANARIAS
AEA9404,AT7,14/11/2017,8:00,TFN,LPA,CANARIAS
AEA9404,AT7,15/11/2017,8:00,TFN,LPA,CANARIAS
IBB102,CRK,11/11/2017,8:00,TFN,LPA,CANARIAS
IBB102,CRK,12/11/2017,8:00,TFN,LPA,CANARIAS
IBB102,CRK,15/11/2017,8:00,TFN,LPA,CANARIAS
IBB104,AT7,10/11/2017,8:30,TFN,LPA,CANARIAS
IBB104,AT7,13/11/2017,8:30,TFN,LPA,CANARIAS
IBB104,AT7,14/11/2017,8:30,TFN,LPA,CANARIAS
IBB104,AT7,15/11/2017,8:30,TFN,LPA,CANARIAS
IBB131,AT7,14/11/2017,8:45,TFN,LPA,CANARIAS
IBB131,AT7,15/11/2017,8:45,TFN,LPA,CANARIAS
IBB108,CRK,10/11/2017,9:00,TFN,LPA,CANARIAS
IBB108,CRK,11/11/2017,9:00,TFN,LPA,CANARIAS
IBB108,CRK,12/11/2017,9:00,TFN,LPA,CANARIAS
IBB108,CRK,13/11/2017,9:00,TFN,LPA,CANARIAS
IBB108,CRK,14/11/2017,9:00,TFN,LPA,CANARIAS
IBB108,CRK,15/11/2017,9:00,TFN,LPA,CANARIAS
IBB114,AT7,13/11/2017,9:15,TFN,LPA,CANARIAS
IBB114,AT7,14/11/2017,9:15,TFN,LPA,CANARIAS
IBB114,AT7,10/11/2017,9:15,TFN,LPA,CANARIAS
IBB114,AT7,15/11/2017,9:15,TFN,LPA,CANARIAS
IBB112,AT7,13/11/2017,9:30,TFN,LPA,CANARIAS
IBB112,AT7,14/11/2017,9:30,TFN,LPA,CANARIAS
IBB112,AT7,15/11/2017,9:30,TFN,LPA,CANARIAS
IBB112,AT7,11/11/2017,9:55,TFN,LPA,CANARIAS
IBB120,CRK,12/11/2017,10:00,TFN,LPA,CANARIAS
IBB120,CRK,13/11/2017,10:00,TFN,LPA,CANARIAS
IBB120,CRK,14/11/2017,10:00,TFN,LPA,CANARIAS
IBB120,CRK,15/11/2017,10:00,TFN,LPA,CANARIAS
AEA9416,AT7,11/11/2017,10:00,TFN,LPA,CANARIAS
AEA9416,AT7,12/11/2017,10:00,TFN,LPA,CANARIAS
AEA9416,AT7,14/11/2017,10:00,TFN,LPA,CANARIAS
AEA9416,AT7,15/11/2017,10:00,TFN,LPA,CANARIAS
IBB120,CRK,10/11/2017,10:00,TFN,LPA,CANARIAS
AEA9416,AT7,10/11/2017,10:05,TFN,LPA,CANARIAS
AEA9416,AT7,13/11/2017,10:05,TFN,LPA,CANARIAS
IBB150,AT7,15/11/2017,10:30,TFN,LPA,CANARIAS
IBB146,AT7,12/11/2017,11:00,TFN,LPA,CANARIAS
IBB146,AT7,13/11/2017,11:00,TFN,LPA,CANARIAS
IBB146,AT7,14/11/2017,11:00,TFN,LPA,CANARIAS
IBB146,AT7,10/11/2017,11:00,TFN,LPA,CANARIAS
IBB120,AT7,11/11/2017,11:00,TFN,LPA,CANARIAS
IBB146,AT7,15/11/2017,11:00,TFN,LPA,CANARIAS
IBB110,AT7,10/11/2017,11:30,TFN,LPA,CANARIAS
IBB110,AT7,11/11/2017,11:30,TFN,LPA,CANARIAS
IBB110,AT7,12/11/2017,11:30,TFN,LPA,CANARIAS
IBB110,AT7,13/11/2017,11:30,TFN,LPA,CANARIAS
IBB110,AT7,15/11/2017,11:30,TFN,LPA,CANARIAS
IBB110,AT7,14/11/2017,11:30,TFN,LPA,CANARIAS
IBB132,AT7,12/11/2017,12:00,TFN,LPA,CANARIAS
IBB132,AT7,13/11/2017,12:00,TFN,LPA,CANARIAS
IBB132,AT7,14/11/2017,12:00,TFN,LPA,CANARIAS
AEA9402,AT7,10/11/2017,12:00,TFN,LPA,CANARIAS
AEA9402,AT7,11/11/2017,12:00,TFN,LPA,CANARIAS
AEA9402,AT7,12/11/2017,12:00,TFN,LPA,CANARIAS
AEA9402,AT7,13/11/2017,12:00,TFN,LPA,CANARIAS
AEA9402,AT7,14/11/2017,12:00,TFN,LPA,CANARIAS
IBB132,AT7,10/11/2017,12:00,TFN,LPA,CANARIAS
IBB132,AT7,11/11/2017,12:00,TFN,LPA,CANARIAS
IBB132,AT7,15/11/2017,12:00,TFN,LPA,CANARIAS
AEA9402,AT7,15/11/2017,12:00,TFN,LPA,CANARIAS
IBB134,CRK,10/11/2017,13:00,TFN,LPA,CANARIAS
IBB134,CRK,13/11/2017,13:00,TFN,LPA,CANARIAS
IBB134,CRK,14/11/2017,13:00,TFN,LPA,CANARIAS
IBB134,CRK,15/11/2017,13:00,TFN,LPA,CANARIAS
IBB116,AT7,10/11/2017,13:30,TFN,LPA,CANARIAS
CNF652,AT7,10/11/2017,13:40,TFN,LPA,CANARIAS
CNF652,AT7,11/11/2017,13:40,TFN,LPA,CANARIAS
CNF652,AT7,12/11/2017,13:40,TFN,LPA,CANARIAS
CNF652,AT7,13/11/2017,13:40,TFN,LPA,CANARIAS
CNF652,AT7,14/11/2017,13:40,TFN,LPA,CANARIAS
CNF652,AT7,15/11/2017,13:40,TFN,LPA,CANARIAS
IBB158,AT7,12/11/2017,14:00,TFN,LPA,CANARIAS
IBB158,AT7,13/11/2017,14:00,TFN,LPA,CANARIAS
IBB158,AT7,14/11/2017,14:00,TFN,LPA,CANARIAS
IBB158,AT7,10/11/2017,14:00,TFN,LPA,CANARIAS
IBB158,AT7,11/11/2017,14:00,TFN,LPA,CANARIAS
IBB158,AT7,15/11/2017,14:00,TFN,LPA,CANARIAS
AEA9418,AT7,10/11/2017,14:30,TFN,LPA,CANARIAS
AEA9418,AT7,13/11/2017,14:30,TFN,LPA,CANARIAS
IBB148,AT7,10/11/2017,14:30,TFN,LPA,CANARIAS
AEA9418,AT7,15/11/2017,14:30,TFN,LPA,CANARIAS
AEA9418,AT7,14/11/2017,14:35,TFN,LPA,CANARIAS
IBB160,CRK,11/11/2017,15:00,TFN,LPA,CANARIAS
IBB160,CRK,13/11/2017,15:00,TFN,LPA,CANARIAS
IBB160,CRK,14/11/2017,15:00,TFN,LPA,CANARIAS
IBB160,CRK,10/11/2017,15:00,TFN,LPA,CANARIAS
IBB160,CRK,15/11/2017,15:00,TFN,LPA,CANARIAS
IBB180,AT7,12/11/2017,15:30,TFN,LPA,CANARIAS
IBB180,AT7,14/11/2017,15:30,TFN,LPA,CANARIAS
IBB172,AT7,10/11/2017,15:30,TFN,LPA,CANARIAS
IBB166,AT7,12/11/2017,16:00,TFN,LPA,CANARIAS
IBB166,AT7,13/11/2017,16:00,TFN,LPA,CANARIAS
IBB166,AT7,14/11/2017,16:00,TFN,LPA,CANARIAS
IBB166,AT7,10/11/2017,16:00,TFN,LPA,CANARIAS
IBB166,AT7,15/11/2017,16:00,TFN,LPA,CANARIAS
AEA9406,AT7,10/11/2017,16:30,TFN,LPA,CANARIAS
AEA9406,AT7,12/11/2017,16:30,TFN,LPA,CANARIAS
AEA9406,AT7,13/11/2017,16:30,TFN,LPA,CANARIAS
AEA9406,AT7,14/11/2017,16:30,TFN,LPA,CANARIAS
AEA9406,AT7,15/11/2017,16:30,TFN,LPA,CANARIAS
IBB168,AT7,14/11/2017,16:30,TFN,LPA,CANARIAS
IBB168,AT7,15/11/2017,16:30,TFN,LPA,CANARIAS
IBB170,CRK,13/11/2017,17:00,TFN,LPA,CANARIAS
IBB170,CRK,14/11/2017,17:00,TFN,LPA,CANARIAS
IBB170,CRK,10/11/2017,17:00,TFN,LPA,CANARIAS
IBB170,CRK,11/11/2017,17:00,TFN,LPA,CANARIAS
IBB170,CRK,12/11/2017,17:00,TFN,LPA,CANARIAS
IBB170,CRK,15/11/2017,17:00,TFN,LPA,CANARIAS
IBB172,AT7,14/11/2017,17:30,TFN,LPA,CANARIAS
IBB172,AT7,15/11/2017,17:30,TFN,LPA,CANARIAS
IBB178,CRK,11/11/2017,18:00,TFN,LPA,CANARIAS
IBB178,CRK,13/11/2017,18:00,TFN,LPA,CANARIAS
IBB178,CRK,14/11/2017,18:00,TFN,LPA,CANARIAS
IBB178,CRK,10/11/2017,18:00,TFN,LPA,CANARIAS
IBB178,CRK,15/11/2017,18:00,TFN,LPA,CANARIAS
IBB6811,CRK,12/11/2017,18:00,TFN,LPA,CANARIAS
AEA9420,AT7,10/11/2017,18:30,TFN,LPA,CANARIAS
AEA9420,AT7,12/11/2017,18:30,TFN,LPA,CANARIAS
AEA9420,AT7,13/11/2017,18:30,TFN,LPA,CANARIAS
AEA9420,AT7,14/11/2017,18:30,TFN,LPA,CANARIAS
AEA9420,AT7,15/11/2017,18:30,TFN,LPA,CANARIAS
IBB176,CRK,15/11/2017,18:30,TFN,LPA,CANARIAS
IBB186,CRK,10/11/2017,19:00,TFN,LPA,CANARIAS
IBB186,CRK,11/11/2017,19:00,TFN,LPA,CANARIAS
IBB186,CRK,12/11/2017,19:00,TFN,LPA,CANARIAS
IBB186,CRK,13/11/2017,19:00,TFN,LPA,CANARIAS
IBB186,CRK,14/11/2017,19:00,TFN,LPA,CANARIAS
IBB186,CRK,15/11/2017,19:00,TFN,LPA,CANARIAS
IBB182,AT7,12/11/2017,19:05,TFN,LPA,CANARIAS
AEA9420,AT7,11/11/2017,19:10,TFN,LPA,CANARIAS
CNF668,AT7,10/11/2017,19:20,TFN,LPA,CANARIAS
CNF668,AT7,11/11/2017,19:20,TFN,LPA,CANARIAS
CNF668,AT7,12/11/2017,19:20,TFN,LPA,CANARIAS
CNF668,AT7,13/11/2017,19:20,TFN,LPA,CANARIAS
CNF668,AT7,14/11/2017,19:20,TFN,LPA,CANARIAS
CNF668,AT7,15/11/2017,19:20,TFN,LPA,CANARIAS
IBB162,AT7,14/11/2017,19:30,TFN,LPA,CANARIAS
IBB118,AT7,15/11/2017,19:30,TFN,LPA,CANARIAS
IBB188,CRK,11/11/2017,20:00,TFN,LPA,CANARIAS
IBB188,CRK,12/11/2017,20:00,TFN,LPA,CANARIAS
IBB188,CRK,13/11/2017,20:00,TFN,LPA,CANARIAS
IBB188,CRK,14/11/2017,20:00,TFN,LPA,CANARIAS
IBB188,CRK,10/11/2017,20:00,TFN,LPA,CANARIAS
IBB188,CRK,15/11/2017,20:00,TFN,LPA,CANARIAS
IBB122,AT7,11/11/2017,20:30,TFN,LPA,CANARIAS
IBB122,AT7,12/11/2017,20:30,TFN,LPA,CANARIAS
IBB122,AT7,13/11/2017,20:30,TFN,LPA,CANARIAS
IBB122,AT7,14/11/2017,20:30,TFN,LPA,CANARIAS
AEA9408,AT7,10/11/2017,20:30,TFN,LPA,CANARIAS
AEA9408,AT7,11/11/2017,20:30,TFN,LPA,CANARIAS
AEA9408,AT7,12/11/2017,20:30,TFN,LPA,CANARIAS
AEA9408,AT7,13/11/2017,20:30,TFN,LPA,CANARIAS
AEA9408,AT7,14/11/2017,20:30,TFN,LPA,CANARIAS
AEA9408,AT7,15/11/2017,20:30,TFN,LPA,CANARIAS
IBB122,AT7,15/11/2017,20:30,TFN,LPA,CANARIAS
IBB192,AT7,11/11/2017,21:00,TFN,LPA,CANARIAS
IBB192,AT7,12/11/2017,21:00,TFN,LPA,CANARIAS
IBB192,AT7,13/11/2017,21:00,TFN,LPA,CANARIAS
IBB192,AT7,14/11/2017,21:00,TFN,LPA,CANARIAS
IBB192,AT7,10/11/2017,21:00,TFN,LPA,CANARIAS
IBB192,AT7,15/11/2017,21:00,TFN,LPA,CANARIAS
IBB190,AT7,12/11/2017,21:30,TFN,LPA,CANARIAS
IBB122,AT7,10/11/2017,21:30,TFN,LPA,CANARIAS
AEA9422,73H,10/11/2017,21:30,TFN,LPA,CANARIAS
IBB190,AT7,10/11/2017,22:00,TFN,LPA,CANARIAS
IBB651,AT7,10/11/2017,9:30,TFN,GMZ,CANARIAS
IBB651,AT7,11/11/2017,9:30,TFN,GMZ,CANARIAS
IBB651,AT7,12/11/2017,9:30,TFN,GMZ,CANARIAS
IBB651,AT7,13/11/2017,9:30,TFN,GMZ,CANARIAS
IBB651,AT7,14/11/2017,9:30,TFN,GMZ,CANARIAS
IBB651,AT7,15/11/2017,9:30,TFN,GMZ,CANARIAS
IBB653,AT7,10/11/2017,17:00,TFN,GMZ,CANARIAS
IBB653,AT7,11/11/2017,17:00,TFN,GMZ,CANARIAS
IBB653,AT7,12/11/2017,17:00,TFN,GMZ,CANARIAS
IBB653,AT7,13/11/2017,17:00,TFN,GMZ,CANARIAS
IBB653,AT7,14/11/2017,17:00,TFN,GMZ,CANARIAS
IBB653,AT7,15/11/2017,17:00,TFN,GMZ,CANARIAS
IBB605,AT7,10/11/2017,7:30,TFN,SPC,CANARIAS
IBB605,AT7,11/11/2017,7:30,TFN,SPC,CANARIAS
IBB605,AT7,12/11/2017,7:30,TFN,SPC,CANARIAS
IBB605,AT7,13/11/2017,7:30,TFN,SPC,CANARIAS
IBB605,AT7,14/11/2017,7:30,TFN,SPC,CANARIAS
IBB605,AT7,15/11/2017,7:30,TFN,SPC,CANARIAS
CNF412,AT7,10/11/2017,7:50,TFN,SPC,CANARIAS
CNF412,AT7,11/11/2017,7:50,TFN,SPC,CANARIAS
CNF412,AT7,12/11/2017,7:50,TFN,SPC,CANARIAS
CNF412,AT7,13/11/2017,7:50,TFN,SPC,CANARIAS
CNF412,AT7,14/11/2017,7:50,TFN,SPC,CANARIAS
CNF412,AT7,15/11/2017,7:50,TFN,SPC,CANARIAS
IBB607,AT7,11/11/2017,8:00,TFN,SPC,CANARIAS
IBB607,AT7,12/11/2017,8:00,TFN,SPC,CANARIAS
IBB607,AT7,13/11/2017,8:00,TFN,SPC,CANARIAS
IBB607,AT7,14/11/2017,8:00,TFN,SPC,CANARIAS
IBB607,AT7,10/11/2017,8:00,TFN,SPC,CANARIAS
IBB607,AT7,15/11/2017,8:00,TFN,SPC,CANARIAS
IBB611,AT7,10/11/2017,9:00,TFN,SPC,CANARIAS
IBB611,AT7,13/11/2017,9:00,TFN,SPC,CANARIAS
IBB611,AT7,14/11/2017,9:00,TFN,SPC,CANARIAS
IBB611,AT7,15/11/2017,9:00,TFN,SPC,CANARIAS
CNF418,AT7,10/11/2017,9:45,TFN,SPC,CANARIAS
CNF418,AT7,11/11/2017,9:45,TFN,SPC,CANARIAS
CNF418,AT7,12/11/2017,9:45,TFN,SPC,CANARIAS
CNF418,AT7,13/11/2017,9:45,TFN,SPC,CANARIAS
CNF418,AT7,14/11/2017,9:45,TFN,SPC,CANARIAS
CNF418,AT7,15/11/2017,9:45,TFN,SPC,CANARIAS
IBB615,AT7,12/11/2017,10:00,TFN,SPC,CANARIAS
IBB609,AT7,10/11/2017,10:00,TFN,SPC,CANARIAS
IBB609,AT7,11/11/2017,10:00,TFN,SPC,CANARIAS
IBB609,AT7,13/11/2017,10:00,TFN,SPC,CANARIAS
IBB609,AT7,14/11/2017,10:00,TFN,SPC,CANARIAS
IBB609,AT7,15/11/2017,10:00,TFN,SPC,CANARIAS
IBB617,AT7,13/11/2017,11:00,TFN,SPC,CANARIAS
IBB619,AT7,10/11/2017,12:00,TFN,SPC,CANARIAS
IBB619,AT7,12/11/2017,12:00,TFN,SPC,CANARIAS
IBB619,AT7,11/11/2017,12:00,TFN,SPC,CANARIAS
IBB621,AT7,10/11/2017,13:00,TFN,SPC,CANARIAS
IBB621,AT7,11/11/2017,13:00,TFN,SPC,CANARIAS
IBB621,AT7,12/11/2017,13:00,TFN,SPC,CANARIAS
IBB621,AT7,13/11/2017,13:00,TFN,SPC,CANARIAS
IBB621,AT7,14/11/2017,13:00,TFN,SPC,CANARIAS
IBB621,AT7,15/11/2017,13:00,TFN,SPC,CANARIAS
IBB629,AT7,10/11/2017,14:00,TFN,SPC,CANARIAS
IBB629,AT7,12/11/2017,14:00,TFN,SPC,CANARIAS
CNF452,AT7,10/11/2017,14:20,TFN,SPC,CANARIAS
CNF452,AT7,11/11/2017,14:20,TFN,SPC,CANARIAS
CNF452,AT7,12/11/2017,14:20,TFN,SPC,CANARIAS
CNF452,AT7,13/11/2017,14:20,TFN,SPC,CANARIAS
CNF452,AT7,14/11/2017,14:20,TFN,SPC,CANARIAS
CNF452,AT7,15/11/2017,14:20,TFN,SPC,CANARIAS
IBB631,AT7,10/11/2017,15:00,TFN,SPC,CANARIAS
IBB631,AT7,11/11/2017,15:00,TFN,SPC,CANARIAS
IBB631,AT7,12/11/2017,15:00,TFN,SPC,CANARIAS
IBB631,AT7,13/11/2017,15:00,TFN,SPC,CANARIAS
IBB631,AT7,14/11/2017,15:00,TFN,SPC,CANARIAS
IBB631,AT7,15/11/2017,15:00,TFN,SPC,CANARIAS
IBB633,AT7,10/11/2017,16:00,TFN,SPC,CANARIAS
IBB633,AT7,12/11/2017,16:00,TFN,SPC,CANARIAS
IBB633,AT7,13/11/2017,16:00,TFN,SPC,CANARIAS
IBB633,AT7,14/11/2017,16:00,TFN,SPC,CANARIAS
IBB633,AT7,15/11/2017,16:00,TFN,SPC,CANARIAS
IBB623,AT7,10/11/2017,17:00,TFN,SPC,CANARIAS
IBB623,AT7,12/11/2017,17:00,TFN,SPC,CANARIAS
IBB623,AT7,13/11/2017,17:00,TFN,SPC,CANARIAS
IBB623,AT7,14/11/2017,17:00,TFN,SPC,CANARIAS
IBB623,AT7,15/11/2017,17:00,TFN,SPC,CANARIAS
IBB637,AT7,10/11/2017,18:00,TFN,SPC,CANARIAS
IBB637,AT7,11/11/2017,18:00,TFN,SPC,CANARIAS
IBB637,AT7,12/11/2017,18:00,TFN,SPC,CANARIAS
IBB637,AT7,13/11/2017,18:00,TFN,SPC,CANARIAS
IBB637,AT7,14/11/2017,18:00,TFN,SPC,CANARIAS
IBB637,AT7,15/11/2017,18:00,TFN,SPC,CANARIAS
IBB625,AT7,11/11/2017,18:30,TFN,SPC,CANARIAS
IBB625,AT7,12/11/2017,18:30,TFN,SPC,CANARIAS
IBB625,AT7,10/11/2017,18:30,TFN,SPC,CANARIAS
IBB639,AT7,10/11/2017,19:00,TFN,SPC,CANARIAS
IBB639,AT7,12/11/2017,19:00,TFN,SPC,CANARIAS
IBB639,AT7,13/11/2017,19:00,TFN,SPC,CANARIAS
IBB639,AT7,14/11/2017,19:00,TFN,SPC,CANARIAS
IBB639,AT7,15/11/2017,19:00,TFN,SPC,CANARIAS
CNF467,AT7,10/11/2017,19:20,TFN,SPC,CANARIAS
CNF467,AT7,11/11/2017,19:20,TFN,SPC,CANARIAS
CNF467,AT7,12/11/2017,19:20,TFN,SPC,CANARIAS
CNF467,AT7,13/11/2017,19:20,TFN,SPC,CANARIAS
CNF467,AT7,14/11/2017,19:20,TFN,SPC,CANARIAS
CNF467,AT7,15/11/2017,19:20,TFN,SPC,CANARIAS
IBB643,AT7,12/11/2017,19:30,TFN,SPC,CANARIAS
IBB627,AT7,11/11/2017,20:00,TFN,SPC,CANARIAS
IBB627,AT7,13/11/2017,20:00,TFN,SPC,CANARIAS
IBB627,AT7,14/11/2017,20:00,TFN,SPC,CANARIAS
IBB627,AT7,15/11/2017,20:00,TFN,SPC,CANARIAS
IBB627,AT7,10/11/2017,20:00,TFN,SPC,CANARIAS
IBB641,AT7,10/11/2017,20:10,TFN,SPC,CANARIAS
IBB627,AT7,12/11/2017,20:10,TFN,SPC,CANARIAS
IBB452,AT7,10/11/2017,7:00,TFN,ACE,CANARIAS
IBB452,AT7,11/11/2017,7:00,TFN,ACE,CANARIAS
IBB452,AT7,12/11/2017,7:00,TFN,ACE,CANARIAS
IBB452,AT7,13/11/2017,7:00,TFN,ACE,CANARIAS
IBB452,AT7,14/11/2017,7:00,TFN,ACE,CANARIAS
IBB452,AT7,15/11/2017,7:00,TFN,ACE,CANARIAS
IBB468,AT7,11/11/2017,10:00,TFN,ACE,CANARIAS
IBB468,AT7,13/11/2017,10:00,TFN,ACE,CANARIAS
IBB468,AT7,14/11/2017,10:00,TFN,ACE,CANARIAS
IBB468,AT7,15/11/2017,10:00,TFN,ACE,CANARIAS
IBB468,AT7,10/11/2017,10:10,TFN,ACE,CANARIAS
CNF521,AT7,10/11/2017,10:25,TFN,ACE,CANARIAS
CNF521,AT7,11/11/2017,10:25,TFN,ACE,CANARIAS
CNF521,AT7,12/11/2017,10:25,TFN,ACE,CANARIAS
CNF521,AT7,13/11/2017,10:25,TFN,ACE,CANARIAS
CNF521,AT7,14/11/2017,10:25,TFN,ACE,CANARIAS
CNF521,AT7,15/11/2017,10:25,TFN,ACE,CANARIAS
IBB468,AT7,12/11/2017,12:35,TFN,ACE,CANARIAS
IBB470,AT7,10/11/2017,12:35,TFN,ACE,CANARIAS
IBB454,AT7,11/11/2017,12:50,TFN,ACE,CANARIAS
IBB454,AT7,12/11/2017,12:50,TFN,ACE,CANARIAS
IBB454,AT7,13/11/2017,12:50,TFN,ACE,CANARIAS
IBB454,AT7,14/11/2017,12:50,TFN,ACE,CANARIAS
IBB454,AT7,15/11/2017,12:50,TFN,ACE,CANARIAS
IBB454,AT7,10/11/2017,12:50,TFN,ACE,CANARIAS
IBB470,AT7,13/11/2017,14:00,TFN,ACE,CANARIAS
IBB470,AT7,14/11/2017,14:00,TFN,ACE,CANARIAS
IBB470,AT7,15/11/2017,14:00,TFN,ACE,CANARIAS
IBB470,AT7,12/11/2017,14:20,TFN,ACE,CANARIAS
IBB470,AT7,11/11/2017,15:15,TFN,ACE,CANARIAS
IBB472,AT7,12/11/2017,15:20,TFN,ACE,CANARIAS
IBB456,AT7,10/11/2017,15:30,TFN,ACE,CANARIAS
IBB456,AT7,12/11/2017,15:30,TFN,ACE,CANARIAS
CNF549,AT7,10/11/2017,16:15,TFN,ACE,CANARIAS
CNF549,AT7,11/11/2017,16:15,TFN,ACE,CANARIAS
CNF549,AT7,12/11/2017,16:15,TFN,ACE,CANARIAS
CNF549,AT7,13/11/2017,16:15,TFN,ACE,CANARIAS
CNF549,AT7,14/11/2017,16:15,TFN,ACE,CANARIAS
CNF549,AT7,15/11/2017,16:15,TFN,ACE,CANARIAS
IBB474,AT7,13/11/2017,17:25,TFN,ACE,CANARIAS
IBB474,AT7,14/11/2017,17:30,TFN,ACE,CANARIAS
IBB474,AT7,10/11/2017,18:00,TFN,ACE,CANARIAS
IBB474,AT7,12/11/2017,18:00,TFN,ACE,CANARIAS
IBB474,AT7,15/11/2017,18:00,TFN,ACE,CANARIAS
IBB476,AT7,10/11/2017,18:35,TFN,ACE,CANARIAS
IBB484,AT7,10/11/2017,19:10,TFN,ACE,CANARIAS
IBB484,AT7,11/11/2017,19:10,TFN,ACE,CANARIAS
IBB484,AT7,12/11/2017,19:10,TFN,ACE,CANARIAS
IBB484,AT7,13/11/2017,19:10,TFN,ACE,CANARIAS
IBB484,AT7,14/11/2017,19:10,TFN,ACE,CANARIAS
IBB484,AT7,15/11/2017,19:10,TFN,ACE,CANARIAS
IBB456,AT7,11/11/2017,20:00,TFN,ACE,CANARIAS
IBB456,AT7,13/11/2017,20:00,TFN,ACE,CANARIAS
IBB456,AT7,14/11/2017,20:00,TFN,ACE,CANARIAS
IBB456,AT7,15/11/2017,20:00,TFN,ACE,CANARIAS
IBB486,AT7,10/11/2017,20:35,TFN,ACE,CANARIAS
IBB486,AT7,12/11/2017,20:40,TFN,ACE,CANARIAS
IBE8686,CRK,13/11/2017,14:40,TFN,LEN,LEN
IBB6810,CRK,12/11/2017,12:15,TFN,LIS,PORTUGAL
IBE3945,320,10/11/2017,7:00,TFN,MAD,MAD
IBE3945,320,11/11/2017,7:00,TFN,MAD,MAD
IBE3945,320,12/11/2017,7:00,TFN,MAD,MAD
IBE3945,320,13/11/2017,7:00,TFN,MAD,MAD
IBE3945,320,14/11/2017,7:00,TFN,MAD,MAD
IBE3945,320,15/11/2017,7:00,TFN,MAD,MAD
AEA9045,73H,10/11/2017,7:15,TFN,MAD,MAD
AEA9045,73H,11/11/2017,7:15,TFN,MAD,MAD
AEA9045,73H,12/11/2017,7:15,TFN,MAD,MAD
AEA9045,73H,14/11/2017,7:15,TFN,MAD,MAD
AEA9045,73H,15/11/2017,7:15,TFN,MAD,MAD
AEA9045,73H,13/11/2017,7:15,TFN,MAD,MAD
RYR5279,73H,10/11/2017,9:15,TFN,MAD,MAD
RYR5279,73H,11/11/2017,9:15,TFN,MAD,MAD
RYR5279,73H,12/11/2017,9:15,TFN,MAD,MAD
RYR5279,73H,13/11/2017,9:15,TFN,MAD,MAD
RYR5279,73H,14/11/2017,9:15,TFN,MAD,MAD
RYR5279,73H,15/11/2017,9:15,TFN,MAD,MAD
AEA9047,73H,10/11/2017,9:55,TFN,MAD,MAD
AEA9047,73H,13/11/2017,9:55,TFN,MAD,MAD
AEA9047,73H,14/11/2017,9:55,TFN,MAD,MAD
AEA9047,73H,15/11/2017,9:55,TFN,MAD,MAD
AEA9047,73H,11/11/2017,10:00,TFN,MAD,MAD
AEA9047,73H,12/11/2017,10:00,TFN,MAD,MAD
IBE3943,320,10/11/2017,11:10,TFN,MAD,MAD
IBE3943,320,11/11/2017,11:10,TFN,MAD,MAD
IBE3943,320,12/11/2017,11:10,TFN,MAD,MAD
IBE3943,320,13/11/2017,11:10,TFN,MAD,MAD
IBE3943,320,14/11/2017,11:10,TFN,MAD,MAD
IBE3943,320,15/11/2017,11:10,TFN,MAD,MAD
IBK6307,73H,10/11/2017,11:25,TFN,MAD,MAD
IBK6307,73H,11/11/2017,11:25,TFN,MAD,MAD
IBK6307,73H,13/11/2017,11:25,TFN,MAD,MAD
IBK6307,73H,14/11/2017,11:25,TFN,MAD,MAD
IBK6307,73H,15/11/2017,11:25,TFN,MAD,MAD
IBK6307,73H,12/11/2017,12:00,TFN,MAD,MAD
IBE3937,320,10/11/2017,13:50,TFN,MAD,MAD
IBE3937,320,11/11/2017,13:50,TFN,MAD,MAD
IBE3937,320,12/11/2017,13:50,TFN,MAD,MAD
IBE3937,320,13/11/2017,13:50,TFN,MAD,MAD
IBE3937,320,15/11/2017,13:50,TFN,MAD,MAD
IBE3937,320,14/11/2017,13:50,TFN,MAD,MAD
AEA9049,73H,10/11/2017,14:40,TFN,MAD,MAD
AEA9049,73H,11/11/2017,14:40,TFN,MAD,MAD
AEA9049,73H,12/11/2017,14:40,TFN,MAD,MAD
AEA9049,73H,13/11/2017,14:40,TFN,MAD,MAD
AEA9049,73H,14/11/2017,14:40,TFN,MAD,MAD
AEA9049,73H,15/11/2017,14:40,TFN,MAD,MAD
IBE3955,320,12/11/2017,16:15,TFN,MAD,MAD
IBE3955,320,11/11/2017,16:25,TFN,MAD,MAD
IBE3955,320,10/11/2017,17:30,TFN,MAD,MAD
IBE3955,320,14/11/2017,17:30,TFN,MAD,MAD
AEA9117,332,10/11/2017,17:55,TFN,MAD,MAD
AEA9117,332,11/11/2017,17:55,TFN,MAD,MAD
AEA9117,332,12/11/2017,17:55,TFN,MAD,MAD
AEA9117,332,13/11/2017,17:55,TFN,MAD,MAD
AEA9117,332,14/11/2017,17:55,TFN,MAD,MAD
AEA9117,332,15/11/2017,17:55,TFN,MAD,MAD
IBE3939,320,10/11/2017,18:15,TFN,MAD,MAD
IBE3939,320,12/11/2017,18:15,TFN,MAD,MAD
IBE3939,320,13/11/2017,18:15,TFN,MAD,MAD
IBE3939,320,14/11/2017,18:15,TFN,MAD,MAD
IBE3939,320,15/11/2017,18:15,TFN,MAD,MAD
IBK6309,73H,10/11/2017,18:55,TFN,MAD,MAD
IBK6309,73H,13/11/2017,18:55,TFN,MAD,MAD
IBK6309,73H,15/11/2017,18:55,TFN,MAD,MAD
IBE3939,320,11/11/2017,18:55,TFN,MAD,MAD
IBK6311,73H,12/11/2017,20:55,TFN,MAD,MAD
VLG3277,320,12/11/2017,13:05,TFN,AGP,AGP
VLG3277,320,13/11/2017,13:05,TFN,AGP,AGP
AEA5403,73H,10/11/2017,14:15,TFN,AGP,AGP
VLG3277,320,11/11/2017,15:20,TFN,AGP,AGP
AEA5403,73H,13/11/2017,20:30,TFN,AGP,AGP
AZA047,320,11/11/2017,14:10,TFN,FCO,ITALIA
AZA047,320,12/11/2017,14:10,TFN,FCO,ITALIA
AEA7143,73H,14/11/2017,8:05,TFN,SCQ,SCQ
VLG3246,320,12/11/2017,9:00,TFN,SCQ,SCQ
VLG3246,320,15/11/2017,9:00,TFN,SCQ,SCQ
IBE8205,CRK,11/11/2017,13:15,TFN,SCQ,SCQ
AEA5103,73H,10/11/2017,8:05,TFN,SVQ,SVQ
VLG3255,320,12/11/2017,14:55,TFN,SVQ,SVQ
VLG3255,320,10/11/2017,14:55,TFN,SVQ,SVQ
VLG3255,320,11/11/2017,14:55,TFN,SVQ,SVQ
VLG3255,320,13/11/2017,14:55,TFN,SVQ,SVQ
VLG3255,320,14/11/2017,14:55,TFN,SVQ,SVQ
VLG3255,320,15/11/2017,14:55,TFN,SVQ,SVQ
AEA5103,73H,13/11/2017,16:00,TFN,SVQ,SVQ
VLG3257,320,12/11/2017,20:50,TFN,SVQ,SVQ
